,drug_smiles,cofactor_smiles,unobstructed,h_bond_bridging,orthogonal_planes,fitness
0,CN1C2=C(C(=O)N(C1=O)C)NC=N2,CN1C2=C(N(C1=O)CCCC)NCSC=CC=NN=N2,1.0,1.0,1.0,3.536746638792032
261,CN1C2=C(C(=O)N(C1=O)C)NC=N2,CN1C2=C(N(C1=O)CCCC)NCSC=CC=NN=N2,1.0,1.0,1.0,3.536746638792032
258,CN1C2=C(C(=O)N(C1=O)C)NC=N2,CN1C2=C(N(C1=O)CCCC)NCSC=CC=NN=N2,1.0,1.0,1.0,3.536746638792032
257,CN1C2=C(C(=O)N(C1=O)C)NC=N2,CN1C2=C(N(C1=O)CCCC)NCSC=CC=NN=N2,1.0,1.0,1.0,3.536746638792032
256,CN1C2=C(C(=O)N(C1=O)C)NC=N2,CN1C2=C(N(C1=O)CCCC)NCSC=CC=NN=N2,1.0,1.0,1.0,3.536746638792032
255,CN1C2=C(C(=O)N(C1=O)C)NC=N2,CN1C2=C(N(C1=O)CCCC)NCSC=CC=NN=N2,1.0,1.0,1.0,3.536746638792032
254,CN1C2=C(C(=O)N(C1=O)C)NC=N2,CN1C2=C(N(C1=O)CCCC)NCSC=CC=NN=N2,1.0,1.0,1.0,3.536746638792032
253,CN1C2=C(C(=O)N(C1=O)C)NC=N2,CN1C2=C(N(C1=O)CCCC)NCSC=CC=NN=N2,1.0,1.0,1.0,3.536746638792032
251,CN1C2=C(C(=O)N(C1=O)C)NC=N2,CN1C2=C(N(C1=O)CCCC)NCSC=CC=NN=N2,1.0,1.0,1.0,3.536746638792032
250,CN1C2=C(C(=O)N(C1=O)C)NC=N2,CN1C2=C(N(C1=O)CCCC)NCSC=CC=NN=N2,1.0,1.0,1.0,3.536746638792032
249,CN1C2=C(C(=O)N(C1=O)C)NC=N2,CN1C2=C(N(C1=O)CCCC)NCSC=CC=NN=N2,1.0,1.0,1.0,3.536746638792032
248,CN1C2=C(C(=O)N(C1=O)C)NC=N2,CN1C2=C(N(C1=O)CCCC)NCSC=CC=NN=N2,1.0,1.0,1.0,3.536746638792032
247,CN1C2=C(C(=O)N(C1=O)C)NC=N2,CN1C2=C(N(C1=O)CCCC)NCSC=CC=NN=N2,1.0,1.0,1.0,3.536746638792032
246,CN1C2=C(C(=O)N(C1=O)C)NC=N2,CN1C2=C(N(C1=O)CCCC)NCSC=CC=NN=N2,1.0,1.0,1.0,3.536746638792032
245,CN1C2=C(C(=O)N(C1=O)C)NC=N2,CN1C2=C(N(C1=O)CCCC)NCSC=CC=NN=N2,1.0,1.0,1.0,3.536746638792032
244,CN1C2=C(C(=O)N(C1=O)C)NC=N2,CN1C2=C(N(C1=O)CCCC)NCSC=CC=NN=N2,1.0,1.0,1.0,3.536746638792032
243,CN1C2=C(C(=O)N(C1=O)C)NC=N2,CN1C2=C(N(C1=O)CCCC)NCSC=CC=NN=N2,1.0,1.0,1.0,3.536746638792032
242,CN1C2=C(C(=O)N(C1=O)C)NC=N2,CN1C2=C(N(C1=O)CCCC)NCSC=CC=NN=N2,1.0,1.0,1.0,3.536746638792032
241,CN1C2=C(C(=O)N(C1=O)C)NC=N2,CN1C2=C(N(C1=O)CCCC)NCSC=CC=NN=N2,1.0,1.0,1.0,3.536746638792032
240,CN1C2=C(C(=O)N(C1=O)C)NC=N2,CN1C2=C(N(C1=O)CCCC)NCSC=CC=NN=N2,1.0,1.0,1.0,3.536746638792032
238,CN1C2=C(C(=O)N(C1=O)C)NC=N2,CN1C2=C(N(C1=O)CCCC)NCSC=CC=NN=N2,1.0,1.0,1.0,3.536746638792032
260,CN1C2=C(C(=O)N(C1=O)C)NC=N2,CN1C2=C(N(C1=O)CCCC)NCSC=CC=NN=N2,1.0,1.0,1.0,3.536746638792032
262,CN1C2=C(C(=O)N(C1=O)C)NC=N2,CN1C2=C(N(C1=O)CCCC)NCSC=CC=NN=N2,1.0,1.0,1.0,3.536746638792032
180,CN1C2=C(C(=O)N(C1=O)C)NC=N2,CN1C2=C(N(C1=O)CCCC)NCSC=CC=NN=N2,1.0,1.0,1.0,3.536746638792032
263,CN1C2=C(C(=O)N(C1=O)C)NC=N2,CN1C2=C(N(C1=O)CCCC)NCSC=CC=NN=N2,1.0,1.0,1.0,3.536746638792032
292,CN1C2=C(C(=O)N(C1=O)C)NC=N2,CN1C2=C(N(C1=O)CCCC)NCSC=CN=NC=N2,1.0,1.0,1.0,3.536746638792032
290,CN1C2=C(C(=O)N(C1=O)C)NC=N2,CN1C2=C(N(C1=O)CCCC)NCSC=CC=NN=N2,1.0,1.0,1.0,3.536746638792032
289,CN1C2=C(C(=O)N(C1=O)C)NC=N2,CN1C2=C(N(C1=O)CCCC)NCSC=CC=NN=N2,1.0,1.0,1.0,3.536746638792032
285,CN1C2=C(C(=O)N(C1=O)C)NC=N2,CN1C2=C(N(C1=O)CCCC)NCSC=CC=NN=N2,1.0,1.0,1.0,3.536746638792032
283,CN1C2=C(C(=O)N(C1=O)C)NC=N2,CN1C2=C(N(C1=O)CCCC)NCSC=CC=NN=N2,1.0,1.0,1.0,3.536746638792032
282,CN1C2=C(C(=O)N(C1=O)C)NC=N2,CN1C2=C(N(C1=O)CCCC)NCSC=CC=NN=N2,1.0,1.0,1.0,3.536746638792032
280,CN1C2=C(C(=O)N(C1=O)C)NC=N2,CN1C2=C(N(C1=O)CCCC)NCSC=CN=NC=N2,1.0,1.0,1.0,3.536746638792032
279,CN1C2=C(C(=O)N(C1=O)C)NC=N2,CN1C2=C(N(C1=O)CCCC)NCSC=CC=NN=N2,1.0,1.0,1.0,3.536746638792032
278,CN1C2=C(C(=O)N(C1=O)C)NC=N2,CN1C2=C(N(C1=O)CCCC)NCSC=CC=NN=N2,1.0,1.0,1.0,3.536746638792032
276,CN1C2=C(C(=O)N(C1=O)C)NC=N2,CN1C2=C(N(C1=O)CCCC)NCSC=CC=NN=N2,1.0,1.0,1.0,3.536746638792032
275,CN1C2=C(C(=O)N(C1=O)C)NC=N2,CN1C2=C(N(C1=O)CCCC)NCSC=CC=NN=N2,1.0,1.0,1.0,3.536746638792032
273,CN1C2=C(C(=O)N(C1=O)C)NC=N2,CN1C2=C(N(C1=O)CCCC)NCSC=CC=NN=N2,1.0,1.0,1.0,3.536746638792032
272,CN1C2=C(C(=O)N(C1=O)C)NC=N2,CN1C2=C(N(C1=O)CCCC)NCSC=CC=NN=N2,1.0,1.0,1.0,3.536746638792032
270,CN1C2=C(C(=O)N(C1=O)C)NC=N2,CN1C2=C(N(C1=O)CCCC)NCSC=CC=NN=N2,1.0,1.0,1.0,3.536746638792032
269,CN1C2=C(C(=O)N(C1=O)C)NC=N2,CN1C2=C(N(C1=O)CCCC)NCSC=CC=NN=N2,1.0,1.0,1.0,3.536746638792032
268,CN1C2=C(C(=O)N(C1=O)C)NC=N2,CN1C2=C(N(C1=O)CCCC)NCSC=CC=NN=N2,1.0,1.0,1.0,3.536746638792032
267,CN1C2=C(C(=O)N(C1=O)C)NC=N2,CN1C2=C(N(C1=O)CCCC)NCSC=CC=NN=N2,1.0,1.0,1.0,3.536746638792032
266,CN1C2=C(C(=O)N(C1=O)C)NC=N2,CN1C2=C(N(C1=O)CCCC)NCSC=CC=NN=N2,1.0,1.0,1.0,3.536746638792032
264,CN1C2=C(C(=O)N(C1=O)C)NC=N2,CN1C2=C(N(C1=O)CCCC)NCSC=CC=NN=N2,1.0,1.0,1.0,3.536746638792032
237,CN1C2=C(C(=O)N(C1=O)C)NC=N2,CN1C2=C(N(C1=O)CCCC)NCSC=CC=NN=N2,1.0,1.0,1.0,3.536746638792032
236,CN1C2=C(C(=O)N(C1=O)C)NC=N2,CN1C2=C(N(C1=O)CCCC)NCSC=CC=NN=N2,1.0,1.0,1.0,3.536746638792032
235,CN1C2=C(C(=O)N(C1=O)C)NC=N2,CN1C2=C(N(C1=O)CCCC)NCSC=CC=NN=N2,1.0,1.0,1.0,3.536746638792032
234,CN1C2=C(C(=O)N(C1=O)C)NC=N2,CN1C2=C(N(C1=O)CCCC)NCSC=CC=NN=N2,1.0,1.0,1.0,3.536746638792032
208,CN1C2=C(C(=O)N(C1=O)C)NC=N2,CN1C2=C(N(C1=O)CCCC)NCSC=CC=NN=N2,1.0,1.0,1.0,3.536746638792032
207,CN1C2=C(C(=O)N(C1=O)C)NC=N2,CN1C2=C(N(C1=O)CCCC)NCSC=CN=NC=N2,1.0,1.0,1.0,3.536746638792032
206,CN1C2=C(C(=O)N(C1=O)C)NC=N2,CN1C2=C(N(C1=O)CCCC)NCSC=CC=NN=N2,1.0,1.0,1.0,3.536746638792032
204,CN1C2=C(C(=O)N(C1=O)C)NC=N2,CN1C2=C(N(C1=O)CCCC)NCSC=CN=NC=N2,1.0,1.0,1.0,3.536746638792032
203,CN1C2=C(C(=O)N(C1=O)C)NC=N2,CN1C2=C(N(C1=O)CCCC)NCSC=CC=NN=N2,1.0,1.0,1.0,3.536746638792032
202,CN1C2=C(C(=O)N(C1=O)C)NC=N2,CN1C2=C(N(C1=O)CCCC)NCSC=CC=NN=N2,1.0,1.0,1.0,3.536746638792032
1,CN1C2=C(C(=O)N(C1=O)C)NC=N2,CN1C2=C(N(C1=O)CCCC)NCSC=CC=NN=N2,1.0,1.0,1.0,3.536746638792032
199,CN1C2=C(C(=O)N(C1=O)C)NC=N2,CN1C2=C(N(C1=O)CCCC)NCSC=CC=NN=N2,1.0,1.0,1.0,3.536746638792032
198,CN1C2=C(C(=O)N(C1=O)C)NC=N2,CN1C2=C(N(C1=O)CCCC)NCSC=CC=NN=N2,1.0,1.0,1.0,3.536746638792032
196,CN1C2=C(C(=O)N(C1=O)C)NC=N2,CN1C2=C(N(C1=O)CCCC)NCSC=CN=NC=N2,1.0,1.0,1.0,3.536746638792032
195,CN1C2=C(C(=O)N(C1=O)C)NC=N2,CN1C2=C(N(C1=O)CCCC)NCSC=CC=NN=N2,1.0,1.0,1.0,3.536746638792032
194,CN1C2=C(C(=O)N(C1=O)C)NC=N2,CN1C2=C(N(C1=O)CCCC)NCSC=CC=NN=N2,1.0,1.0,1.0,3.536746638792032
193,CN1C2=C(C(=O)N(C1=O)C)NC=N2,CN1C2=C(N(C1=O)CCCC)NCSC=CC=NN=N2,1.0,1.0,1.0,3.536746638792032
191,CN1C2=C(C(=O)N(C1=O)C)NC=N2,CN1C2=C(N(C1=O)CCCC)NCSC=CC=NN=N2,1.0,1.0,1.0,3.536746638792032
188,CN1C2=C(C(=O)N(C1=O)C)NC=N2,CN1C2=C(N(C1=O)CCCC)NCSC=CC=NN=N2,1.0,1.0,1.0,3.536746638792032
187,CN1C2=C(C(=O)N(C1=O)C)NC=N2,CN1C2=C(N(C1=O)CCCC)NCSC=CC=NN=N2,1.0,1.0,1.0,3.536746638792032
185,CN1C2=C(C(=O)N(C1=O)C)NC=N2,CN1C2=C(N(C1=O)CCCC)NCSC=CC=NN=N2,1.0,1.0,1.0,3.536746638792032
184,CN1C2=C(C(=O)N(C1=O)C)NC=N2,CN1C2=C(N(C1=O)CCCC)NCSC=CC=NN=N2,1.0,1.0,1.0,3.536746638792032
183,CN1C2=C(C(=O)N(C1=O)C)NC=N2,CN1C2=C(N(C1=O)CCCC)NCSC=CC=NN=N2,1.0,1.0,1.0,3.536746638792032
209,CN1C2=C(C(=O)N(C1=O)C)NC=N2,CN1C2=C(N(C1=O)CCCC)NCSC=CC=NN=N2,1.0,1.0,1.0,3.536746638792032
210,CN1C2=C(C(=O)N(C1=O)C)NC=N2,CN1C2=C(N(C1=O)CCCC)NCSC=CC=NN=N2,1.0,1.0,1.0,3.536746638792032
211,CN1C2=C(C(=O)N(C1=O)C)NC=N2,CN1C2=C(N(C1=O)CCCC)NCSC=CC=NN=N2,1.0,1.0,1.0,3.536746638792032
225,CN1C2=C(C(=O)N(C1=O)C)NC=N2,CN1C2=C(N(C1=O)CCCC)NCSC=CC=NN=N2,1.0,1.0,1.0,3.536746638792032
233,CN1C2=C(C(=O)N(C1=O)C)NC=N2,CN1C2=C(N(C1=O)CCCC)NCSC=CC=NN=N2,1.0,1.0,1.0,3.536746638792032
232,CN1C2=C(C(=O)N(C1=O)C)NC=N2,CN1C2=C(N(C1=O)CCCC)NCSC=CC=NN=N2,1.0,1.0,1.0,3.536746638792032
231,CN1C2=C(C(=O)N(C1=O)C)NC=N2,CN1C2=C(N(C1=O)CCCC)NCSC=CC=NN=N2,1.0,1.0,1.0,3.536746638792032
230,CN1C2=C(C(=O)N(C1=O)C)NC=N2,CN1C2=C(N(C1=O)CCCC)NCSC=CC=NN=N2,1.0,1.0,1.0,3.536746638792032
229,CN1C2=C(C(=O)N(C1=O)C)NC=N2,CN1C2=C(N(C1=O)CCCC)NCSC=CC=NN=N2,1.0,1.0,1.0,3.536746638792032
228,CN1C2=C(C(=O)N(C1=O)C)NC=N2,CN1C2=C(N(C1=O)CCCC)NCSC=CC=NN=N2,1.0,1.0,1.0,3.536746638792032
227,CN1C2=C(C(=O)N(C1=O)C)NC=N2,CN1C2=C(N(C1=O)CCCC)NCSC=CC=NN=N2,1.0,1.0,1.0,3.536746638792032
226,CN1C2=C(C(=O)N(C1=O)C)NC=N2,CN1C2=C(N(C1=O)CCCC)NCSC=CN=NC=N2,1.0,1.0,1.0,3.536746638792032
223,CN1C2=C(C(=O)N(C1=O)C)NC=N2,CN1C2=C(N(C1=O)CCCC)NCSC=CC=NN=N2,1.0,1.0,1.0,3.536746638792032
212,CN1C2=C(C(=O)N(C1=O)C)NC=N2,CN1C2=C(N(C1=O)CCCC)NCSC=CC=NN=N2,1.0,1.0,1.0,3.536746638792032
222,CN1C2=C(C(=O)N(C1=O)C)NC=N2,CN1C2=C(N(C1=O)CCCC)NCSC=CC=NN=N2,1.0,1.0,1.0,3.536746638792032
220,CN1C2=C(C(=O)N(C1=O)C)NC=N2,CN1C2=C(N(C1=O)CCCC)NCSC=CC=NN=N2,1.0,1.0,1.0,3.536746638792032
219,CN1C2=C(C(=O)N(C1=O)C)NC=N2,CN1C2=C(N(C1=O)CCCC)NCSC=CC=NN=N2,1.0,1.0,1.0,3.536746638792032
218,CN1C2=C(C(=O)N(C1=O)C)NC=N2,CN1C2=C(N(C1=O)CCCC)NCSC=CC=NN=N2,1.0,1.0,1.0,3.536746638792032
217,CN1C2=C(C(=O)N(C1=O)C)NC=N2,CN1C2=C(N(C1=O)CCCC)NCSC=CC=NN=N2,1.0,1.0,1.0,3.536746638792032
216,CN1C2=C(C(=O)N(C1=O)C)NC=N2,CN1C2=C(N(C1=O)CCCC)NCSC=CC=NN=N2,1.0,1.0,1.0,3.536746638792032
215,CN1C2=C(C(=O)N(C1=O)C)NC=N2,CN1C2=C(N(C1=O)CCCC)NCSC=CC=NN=N2,1.0,1.0,1.0,3.536746638792032
214,CN1C2=C(C(=O)N(C1=O)C)NC=N2,CN1C2=C(N(C1=O)CCCC)NCSC=CN=NC=N2,1.0,1.0,1.0,3.536746638792032
293,CN1C2=C(C(=O)N(C1=O)C)NC=N2,CN1C2=C(N(C1=O)CCCC)NCSC=CC=NN=N2,1.0,1.0,1.0,3.536746638792032
294,CN1C2=C(C(=O)N(C1=O)C)NC=N2,CN1C2=C(N(C1=O)CCCC)NCSC=CC=NN=N2,1.0,1.0,1.0,3.536746638792032
295,CN1C2=C(C(=O)N(C1=O)C)NC=N2,CN1C2=C(N(C1=O)CCCC)NCSC=CC=NN=N2,1.0,1.0,1.0,3.536746638792032
347,CN1C2=C(C(=O)N(C1=O)C)NC=N2,CN1C2=C(N(C1=O)CCCC)NCSC=CC=NN=N2,1.0,1.0,1.0,3.536746638792032
369,CN1C2=C(C(=O)N(C1=O)C)NC=N2,CN1C2=C(N(C1=O)CCCC)NCSC=CC=NN=N2,1.0,1.0,1.0,3.536746638792032
368,CN1C2=C(C(=O)N(C1=O)C)NC=N2,CN1C2=C(N(C1=O)CCCC)NCSC=CC=NN=N2,1.0,1.0,1.0,3.536746638792032
367,CN1C2=C(C(=O)N(C1=O)C)NC=N2,CN1C2=C(N(C1=O)CCCC)NCSC=CC=NN=N2,1.0,1.0,1.0,3.536746638792032
366,CN1C2=C(C(=O)N(C1=O)C)NC=N2,CN1C2=C(N(C1=O)CCCC)NCSC=CC=NN=N2,1.0,1.0,1.0,3.536746638792032
365,CN1C2=C(C(=O)N(C1=O)C)NC=N2,CN1C2=C(N(C1=O)CCCC)NCSC=CC=NN=N2,1.0,1.0,1.0,3.536746638792032
364,CN1C2=C(C(=O)N(C1=O)C)NC=N2,CN1C2=C(N(C1=O)CCCC)NCSC=CC=NN=N2,1.0,1.0,1.0,3.536746638792032
363,CN1C2=C(C(=O)N(C1=O)C)NC=N2,CN1C2=C(N(C1=O)CCCC)NCSC=CC=NN=N2,1.0,1.0,1.0,3.536746638792032
362,CN1C2=C(C(=O)N(C1=O)C)NC=N2,CN1C2=C(N(C1=O)CCCC)NCSC=CC=NN=N2,1.0,1.0,1.0,3.536746638792032
361,CN1C2=C(C(=O)N(C1=O)C)NC=N2,CN1C2=C(N(C1=O)CCCC)NCSC=CN=NC=N2,1.0,1.0,1.0,3.536746638792032
360,CN1C2=C(C(=O)N(C1=O)C)NC=N2,CN1C2=C(N(C1=O)CCCC)NCSC=CC=NN=N2,1.0,1.0,1.0,3.536746638792032
359,CN1C2=C(C(=O)N(C1=O)C)NC=N2,CN1C2=C(N(C1=O)CCCC)NCSC=CC=NN=N2,1.0,1.0,1.0,3.536746638792032
358,CN1C2=C(C(=O)N(C1=O)C)NC=N2,CN1C2=C(N(C1=O)CCCC)NCSC=CC=NN=N2,1.0,1.0,1.0,3.536746638792032
357,CN1C2=C(C(=O)N(C1=O)C)NC=N2,CN1C2=C(N(C1=O)CCCC)NCSC=CC=NN=N2,1.0,1.0,1.0,3.536746638792032
356,CN1C2=C(C(=O)N(C1=O)C)NC=N2,CN1C2=C(N(C1=O)CCCC)NCSC=CC=NN=N2,1.0,1.0,1.0,3.536746638792032
355,CN1C2=C(C(=O)N(C1=O)C)NC=N2,CN1C2=C(N(C1=O)CCCC)NCSC=CN=NC=N2,1.0,1.0,1.0,3.536746638792032
354,CN1C2=C(C(=O)N(C1=O)C)NC=N2,CN1C2=C(N(C1=O)CCCC)NCSC=CC=NN=N2,1.0,1.0,1.0,3.536746638792032
353,CN1C2=C(C(=O)N(C1=O)C)NC=N2,CN1C2=C(N(C1=O)CCCC)NCSC=CC=NN=N2,1.0,1.0,1.0,3.536746638792032
352,CN1C2=C(C(=O)N(C1=O)C)NC=N2,CN1C2=C(N(C1=O)CCCC)NCSC=CC=NN=N2,1.0,1.0,1.0,3.536746638792032
351,CN1C2=C(C(=O)N(C1=O)C)NC=N2,CN1C2=C(N(C1=O)CCCC)NCSC=CC=NN=N2,1.0,1.0,1.0,3.536746638792032
370,CN1C2=C(C(=O)N(C1=O)C)NC=N2,CN1C2=C(N(C1=O)CCCC)NCSC=CC=NN=N2,1.0,1.0,1.0,3.536746638792032
371,CN1C2=C(C(=O)N(C1=O)C)NC=N2,CN1C2=C(N(C1=O)CCCC)NCSC=CC=NN=N2,1.0,1.0,1.0,3.536746638792032
373,CN1C2=C(C(=O)N(C1=O)C)NC=N2,CN1C2=C(N(C1=O)CCCC)NCSC=CC=NN=N2,1.0,1.0,1.0,3.536746638792032
389,CN1C2=C(C(=O)N(C1=O)C)NC=N2,CN1C2=C(N(C1=O)CCCC)NCSC=CC=NN=N2,1.0,1.0,1.0,3.536746638792032
398,CN1C2=C(C(=O)N(C1=O)C)NC=N2,CN1C2=C(N(C1=O)CCCC)NCSC=CC=NN=N2,1.0,1.0,1.0,3.536746638792032
396,CN1C2=C(C(=O)N(C1=O)C)NC=N2,CN1C2=C(N(C1=O)CCCC)NCSC=CC=NN=N2,1.0,1.0,1.0,3.536746638792032
395,CN1C2=C(C(=O)N(C1=O)C)NC=N2,CN1C2=C(N(C1=O)CCCC)NCSC=CC=NN=N2,1.0,1.0,1.0,3.536746638792032
394,CN1C2=C(C(=O)N(C1=O)C)NC=N2,CN1C2=C(N(C1=O)CCCC)NCSC=CC=NN=N2,1.0,1.0,1.0,3.536746638792032
393,CN1C2=C(C(=O)N(C1=O)C)NC=N2,CN1C2=C(N(C1=O)CCCC)NCSC=CC=NN=N2,1.0,1.0,1.0,3.536746638792032
392,CN1C2=C(C(=O)N(C1=O)C)NC=N2,CN1C2=C(N(C1=O)CCCC)NCSC=CC=NN=N2,1.0,1.0,1.0,3.536746638792032
391,CN1C2=C(C(=O)N(C1=O)C)NC=N2,CN1C2=C(N(C1=O)CCCC)NCSC=CC=NN=N2,1.0,1.0,1.0,3.536746638792032
390,CN1C2=C(C(=O)N(C1=O)C)NC=N2,CN1C2=C(N(C1=O)CCCC)NCSC=CC=NN=N2,1.0,1.0,1.0,3.536746638792032
388,CN1C2=C(C(=O)N(C1=O)C)NC=N2,CN1C2=C(N(C1=O)CCCC)NCSC=CC=NN=N2,1.0,1.0,1.0,3.536746638792032
377,CN1C2=C(C(=O)N(C1=O)C)NC=N2,CN1C2=C(N(C1=O)CCCC)NCSC=CC=NN=N2,1.0,1.0,1.0,3.536746638792032
387,CN1C2=C(C(=O)N(C1=O)C)NC=N2,CN1C2=C(N(C1=O)CCCC)NCSC=CC=NN=N2,1.0,1.0,1.0,3.536746638792032
385,CN1C2=C(C(=O)N(C1=O)C)NC=N2,CN1C2=C(N(C1=O)CCCC)NCSC=CC=NN=N2,1.0,1.0,1.0,3.536746638792032
384,CN1C2=C(C(=O)N(C1=O)C)NC=N2,CN1C2=C(N(C1=O)CCCC)NCSC=CC=NN=N2,1.0,1.0,1.0,3.536746638792032
383,CN1C2=C(C(=O)N(C1=O)C)NC=N2,CN1C2=C(N(C1=O)CCCC)NCSC=CC=NN=N2,1.0,1.0,1.0,3.536746638792032
382,CN1C2=C(C(=O)N(C1=O)C)NC=N2,CN1C2=C(N(C1=O)CCCC)NCSC=CC=NN=N2,1.0,1.0,1.0,3.536746638792032
381,CN1C2=C(C(=O)N(C1=O)C)NC=N2,CN1C2=C(N(C1=O)CCCC)NCSC=CC=NN=N2,1.0,1.0,1.0,3.536746638792032
379,CN1C2=C(C(=O)N(C1=O)C)NC=N2,CN1C2=C(N(C1=O)CCCC)NCSC=CC=NN=N2,1.0,1.0,1.0,3.536746638792032
378,CN1C2=C(C(=O)N(C1=O)C)NC=N2,CN1C2=C(N(C1=O)CCCC)NCSC=CC=NN=N2,1.0,1.0,1.0,3.536746638792032
350,CN1C2=C(C(=O)N(C1=O)C)NC=N2,CN1C2=C(N(C1=O)CCCC)NCSC=CC=NN=N2,1.0,1.0,1.0,3.536746638792032
346,CN1C2=C(C(=O)N(C1=O)C)NC=N2,CN1C2=C(N(C1=O)CCCC)NCSC=CC=NN=N2,1.0,1.0,1.0,3.536746638792032
296,CN1C2=C(C(=O)N(C1=O)C)NC=N2,CN1C2=C(N(C1=O)CCCC)NCSC=CN=NC=N2,1.0,1.0,1.0,3.536746638792032
345,CN1C2=C(C(=O)N(C1=O)C)NC=N2,CN1C2=C(N(C1=O)CCCC)NCSC=CC=NN=N2,1.0,1.0,1.0,3.536746638792032
321,CN1C2=C(C(=O)N(C1=O)C)NC=N2,CN1C2=C(N(C1=O)CCCC)NCSC=CC=NN=N2,1.0,1.0,1.0,3.536746638792032
320,CN1C2=C(C(=O)N(C1=O)C)NC=N2,CN1C2=C(N(C1=O)CCCC)NCSC=CC=NN=N2,1.0,1.0,1.0,3.536746638792032
318,CN1C2=C(C(=O)N(C1=O)C)NC=N2,CN1C2=C(N(C1=O)CCCC)NCSC=CC=NN=N2,1.0,1.0,1.0,3.536746638792032
317,CN1C2=C(C(=O)N(C1=O)C)NC=N2,CN1C2=C(N(C1=O)CCCC)NCSC=CC=NN=N2,1.0,1.0,1.0,3.536746638792032
316,CN1C2=C(C(=O)N(C1=O)C)NC=N2,CN1C2=C(N(C1=O)CCCC)NCSC=CC=NN=N2,1.0,1.0,1.0,3.536746638792032
315,CN1C2=C(C(=O)N(C1=O)C)NC=N2,CN1C2=C(N(C1=O)CCCC)NCSC=CC=NN=N2,1.0,1.0,1.0,3.536746638792032
312,CN1C2=C(C(=O)N(C1=O)C)NC=N2,CN1C2=C(N(C1=O)CCCC)NCSC=CC=NN=N2,1.0,1.0,1.0,3.536746638792032
311,CN1C2=C(C(=O)N(C1=O)C)NC=N2,CN1C2=C(N(C1=O)CCCC)NCSC=CC=NN=N2,1.0,1.0,1.0,3.536746638792032
309,CN1C2=C(C(=O)N(C1=O)C)NC=N2,CN1C2=C(N(C1=O)CCCC)NCSC=CC=NN=N2,1.0,1.0,1.0,3.536746638792032
308,CN1C2=C(C(=O)N(C1=O)C)NC=N2,CN1C2=C(N(C1=O)CCCC)NCSC=CC=NN=N2,1.0,1.0,1.0,3.536746638792032
307,CN1C2=C(C(=O)N(C1=O)C)NC=N2,CN1C2=C(N(C1=O)CCCC)NCSC=CC=NN=N2,1.0,1.0,1.0,3.536746638792032
306,CN1C2=C(C(=O)N(C1=O)C)NC=N2,CN1C2=C(N(C1=O)CCCC)NCSC=CC=NN=N2,1.0,1.0,1.0,3.536746638792032
305,CN1C2=C(C(=O)N(C1=O)C)NC=N2,CN1C2=C(N(C1=O)CCCC)NCSC=CC=NN=N2,1.0,1.0,1.0,3.536746638792032
304,CN1C2=C(C(=O)N(C1=O)C)NC=N2,CN1C2=C(N(C1=O)CCCC)NCSC=CC=NN=N2,1.0,1.0,1.0,3.536746638792032
303,CN1C2=C(C(=O)N(C1=O)C)NC=N2,CN1C2=C(N(C1=O)CCCC)NCSC=CC=NN=N2,1.0,1.0,1.0,3.536746638792032
302,CN1C2=C(C(=O)N(C1=O)C)NC=N2,CN1C2=C(N(C1=O)CCCC)NCSC=CC=NN=N2,1.0,1.0,1.0,3.536746638792032
300,CN1C2=C(C(=O)N(C1=O)C)NC=N2,CN1C2=C(N(C1=O)CCCC)NCSC=CC=NN=N2,1.0,1.0,1.0,3.536746638792032
299,CN1C2=C(C(=O)N(C1=O)C)NC=N2,CN1C2=C(N(C1=O)CCCC)NCSC=CC=NN=N2,1.0,1.0,1.0,3.536746638792032
297,CN1C2=C(C(=O)N(C1=O)C)NC=N2,CN1C2=C(N(C1=O)CCCC)NCSC=CC=NN=N2,1.0,1.0,1.0,3.536746638792032
322,CN1C2=C(C(=O)N(C1=O)C)NC=N2,CN1C2=C(N(C1=O)CCCC)NCSC=CC=NN=N2,1.0,1.0,1.0,3.536746638792032
323,CN1C2=C(C(=O)N(C1=O)C)NC=N2,CN1C2=C(N(C1=O)CCCC)NCSC=CC=NN=N2,1.0,1.0,1.0,3.536746638792032
324,CN1C2=C(C(=O)N(C1=O)C)NC=N2,CN1C2=C(N(C1=O)CCCC)NCSC=CC=NN=N2,1.0,1.0,1.0,3.536746638792032
335,CN1C2=C(C(=O)N(C1=O)C)NC=N2,CN1C2=C(N(C1=O)CCCC)NCSC=CC=NN=N2,1.0,1.0,1.0,3.536746638792032
344,CN1C2=C(C(=O)N(C1=O)C)NC=N2,CN1C2=C(N(C1=O)CCCC)NCSC=CC=NN=N2,1.0,1.0,1.0,3.536746638792032
343,CN1C2=C(C(=O)N(C1=O)C)NC=N2,CN1C2=C(N(C1=O)CCCC)NCSC=CC=NN=N2,1.0,1.0,1.0,3.536746638792032
341,CN1C2=C(C(=O)N(C1=O)C)NC=N2,CN1C2=C(N(C1=O)CCCC)NCSC=CC=NN=N2,1.0,1.0,1.0,3.536746638792032
340,CN1C2=C(C(=O)N(C1=O)C)NC=N2,CN1C2=C(N(C1=O)CCCC)NCSC=CC=NN=N2,1.0,1.0,1.0,3.536746638792032
339,CN1C2=C(C(=O)N(C1=O)C)NC=N2,CN1C2=C(N(C1=O)CCCC)NCSC=CC=NN=N2,1.0,1.0,1.0,3.536746638792032
338,CN1C2=C(C(=O)N(C1=O)C)NC=N2,CN1C2=C(N(C1=O)CCCC)NCSC=CC=NN=N2,1.0,1.0,1.0,3.536746638792032
337,CN1C2=C(C(=O)N(C1=O)C)NC=N2,CN1C2=C(N(C1=O)CCCC)NCSC=CC=NN=N2,1.0,1.0,1.0,3.536746638792032
336,CN1C2=C(C(=O)N(C1=O)C)NC=N2,CN1C2=C(N(C1=O)CCCC)NCSC=CC=NN=N2,1.0,1.0,1.0,3.536746638792032
334,CN1C2=C(C(=O)N(C1=O)C)NC=N2,CN1C2=C(N(C1=O)CCCC)NCSC=CC=NN=N2,1.0,1.0,1.0,3.536746638792032
325,CN1C2=C(C(=O)N(C1=O)C)NC=N2,CN1C2=C(N(C1=O)CCCC)NCSC=CC=NN=N2,1.0,1.0,1.0,3.536746638792032
333,CN1C2=C(C(=O)N(C1=O)C)NC=N2,CN1C2=C(N(C1=O)CCCC)NCSC=CC=NN=N2,1.0,1.0,1.0,3.536746638792032
332,CN1C2=C(C(=O)N(C1=O)C)NC=N2,CN1C2=C(N(C1=O)CCCC)NCSC=CC=NN=N2,1.0,1.0,1.0,3.536746638792032
331,CN1C2=C(C(=O)N(C1=O)C)NC=N2,CN1C2=C(N(C1=O)CCCC)NCSC=CC=NN=N2,1.0,1.0,1.0,3.536746638792032
330,CN1C2=C(C(=O)N(C1=O)C)NC=N2,CN1C2=C(N(C1=O)CCCC)NCSC=CC=NN=N2,1.0,1.0,1.0,3.536746638792032
329,CN1C2=C(C(=O)N(C1=O)C)NC=N2,CN1C2=C(N(C1=O)CCCC)NCSC=CC=NN=N2,1.0,1.0,1.0,3.536746638792032
328,CN1C2=C(C(=O)N(C1=O)C)NC=N2,CN1C2=C(N(C1=O)CCCC)NCSC=CC=NN=N2,1.0,1.0,1.0,3.536746638792032
327,CN1C2=C(C(=O)N(C1=O)C)NC=N2,CN1C2=C(N(C1=O)CCCC)NCSC=CC=NN=N2,1.0,1.0,1.0,3.536746638792032
326,CN1C2=C(C(=O)N(C1=O)C)NC=N2,CN1C2=C(N(C1=O)CCCC)NCSC=CC=NN=N2,1.0,1.0,1.0,3.536746638792032
181,CN1C2=C(C(=O)N(C1=O)C)NC=N2,CN1C2=C(N(C1=O)CCCC)NCSC=CC=NN=N2,1.0,1.0,1.0,3.536746638792032
200,CN1C2=C(C(=O)N(C1=O)C)NC=N2,CN1C2=C(N(C1=O)CCCC)NCSC=CC=NN=N2,1.0,1.0,1.0,3.536746638792032
179,CN1C2=C(C(=O)N(C1=O)C)NC=N2,CN1C2=C(N(C1=O)CCCC)NCSC=CC=NN=N2,1.0,1.0,1.0,3.536746638792032
48,CN1C2=C(C(=O)N(C1=O)C)NC=N2,CN1C2=C(N(C1=O)CCCC)NCSC=CC=NN=N2,1.0,1.0,1.0,3.536746638792032
74,CN1C2=C(C(=O)N(C1=O)C)NC=N2,CN1C2=C(N(C1=O)CCCC)NCSC=CC=NN=N2,1.0,1.0,1.0,3.536746638792032
73,CN1C2=C(C(=O)N(C1=O)C)NC=N2,CN1C2=C(N(C1=O)CCCC)NCSC=CC=NN=N2,1.0,1.0,1.0,3.536746638792032
72,CN1C2=C(C(=O)N(C1=O)C)NC=N2,CN1C2=C(N(C1=O)CCCC)NCSC=CN=NC=N2,1.0,1.0,1.0,3.536746638792032
71,CN1C2=C(C(=O)N(C1=O)C)NC=N2,CN1C2=C(N(C1=O)CCCC)NCSC=CC=NN=N2,1.0,1.0,1.0,3.536746638792032
68,CN1C2=C(C(=O)N(C1=O)C)NC=N2,CN1C2=C(N(C1=O)CCCC)NCSC=CC=NN=N2,1.0,1.0,1.0,3.536746638792032
67,CN1C2=C(C(=O)N(C1=O)C)NC=N2,CN1C2=C(N(C1=O)CCCC)NCSC=CC=NN=N2,1.0,1.0,1.0,3.536746638792032
66,CN1C2=C(C(=O)N(C1=O)C)NC=N2,CN1C2=C(N(C1=O)CCCC)NCSC=CC=NN=N2,1.0,1.0,1.0,3.536746638792032
65,CN1C2=C(C(=O)N(C1=O)C)NC=N2,CN1C2=C(N(C1=O)CCCC)NCSC=CC=NN=N2,1.0,1.0,1.0,3.536746638792032
64,CN1C2=C(C(=O)N(C1=O)C)NC=N2,CN1C2=C(N(C1=O)CCCC)NCSC=CC=NN=N2,1.0,1.0,1.0,3.536746638792032
63,CN1C2=C(C(=O)N(C1=O)C)NC=N2,CN1C2=C(N(C1=O)CCCC)NCSC=CC=NN=N2,1.0,1.0,1.0,3.536746638792032
62,CN1C2=C(C(=O)N(C1=O)C)NC=N2,CN1C2=C(N(C1=O)CCCC)NCSC=CC=NN=N2,1.0,1.0,1.0,3.536746638792032
61,CN1C2=C(C(=O)N(C1=O)C)NC=N2,CN1C2=C(N(C1=O)CCCC)NCSC=CC=NN=N2,1.0,1.0,1.0,3.536746638792032
58,CN1C2=C(C(=O)N(C1=O)C)NC=N2,CN1C2=C(N(C1=O)CCCC)NCSC=CC=NN=N2,1.0,1.0,1.0,3.536746638792032
57,CN1C2=C(C(=O)N(C1=O)C)NC=N2,CN1C2=C(N(C1=O)CCCC)NCSC=CC=NN=N2,1.0,1.0,1.0,3.536746638792032
56,CN1C2=C(C(=O)N(C1=O)C)NC=N2,CN1C2=C(N(C1=O)CCCC)NCSC=CC=NN=N2,1.0,1.0,1.0,3.536746638792032
55,CN1C2=C(C(=O)N(C1=O)C)NC=N2,CN1C2=C(N(C1=O)CCCC)NCSC=CC=NN=N2,1.0,1.0,1.0,3.536746638792032
54,CN1C2=C(C(=O)N(C1=O)C)NC=N2,CN1C2=C(N(C1=O)CCCC)NCSC=CC=NN=N2,1.0,1.0,1.0,3.536746638792032
52,CN1C2=C(C(=O)N(C1=O)C)NC=N2,CN1C2=C(N(C1=O)CCCC)NCSC=CC=NN=N2,1.0,1.0,1.0,3.536746638792032
51,CN1C2=C(C(=O)N(C1=O)C)NC=N2,CN1C2=C(N(C1=O)CCCC)NCSC=CC=NN=N2,1.0,1.0,1.0,3.536746638792032
76,CN1C2=C(C(=O)N(C1=O)C)NC=N2,CN1C2=C(N(C1=O)CCCC)NCSC=CC=NN=N2,1.0,1.0,1.0,3.536746638792032
77,CN1C2=C(C(=O)N(C1=O)C)NC=N2,CN1C2=C(N(C1=O)CCCC)NCSC=CC=NN=N2,1.0,1.0,1.0,3.536746638792032
78,CN1C2=C(C(=O)N(C1=O)C)NC=N2,CN1C2=C(N(C1=O)CCCC)NCSC=CC=NN=N2,1.0,1.0,1.0,3.536746638792032
94,CN1C2=C(C(=O)N(C1=O)C)NC=N2,CN1C2=C(N(C1=O)CCCC)NCSC=CC=NN=N2,1.0,1.0,1.0,3.536746638792032
102,CN1C2=C(C(=O)N(C1=O)C)NC=N2,CN1C2=C(N(C1=O)CCCC)NCSC=CC=NN=N2,1.0,1.0,1.0,3.536746638792032
101,CN1C2=C(C(=O)N(C1=O)C)NC=N2,CN1C2=C(N(C1=O)CCCC)NCSC=CC=NN=N2,1.0,1.0,1.0,3.536746638792032
100,CN1C2=C(C(=O)N(C1=O)C)NC=N2,CN1C2=C(N(C1=O)CCCC)NCSC=CC=NN=N2,1.0,1.0,1.0,3.536746638792032
99,CN1C2=C(C(=O)N(C1=O)C)NC=N2,CN1C2=C(N(C1=O)CCCC)NCSC=CC=NN=N2,1.0,1.0,1.0,3.536746638792032
98,CN1C2=C(C(=O)N(C1=O)C)NC=N2,CN1C2=C(N(C1=O)CCCC)NCSC=CN=NC=N2,1.0,1.0,1.0,3.536746638792032
97,CN1C2=C(C(=O)N(C1=O)C)NC=N2,CN1C2=C(N(C1=O)CCCC)NCSC=CC=NN=N2,1.0,1.0,1.0,3.536746638792032
96,CN1C2=C(C(=O)N(C1=O)C)NC=N2,CN1C2=C(N(C1=O)CCCC)NCSC=CC=NN=N2,1.0,1.0,1.0,3.536746638792032
95,CN1C2=C(C(=O)N(C1=O)C)NC=N2,CN1C2=C(N(C1=O)CCCC)NCSC=CC=NN=N2,1.0,1.0,1.0,3.536746638792032
92,CN1C2=C(C(=O)N(C1=O)C)NC=N2,CN1C2=C(N(C1=O)CCCC)NCSC=CC=NN=N2,1.0,1.0,1.0,3.536746638792032
79,CN1C2=C(C(=O)N(C1=O)C)NC=N2,CN1C2=C(N(C1=O)CCCC)NCSC=CC=NN=N2,1.0,1.0,1.0,3.536746638792032
91,CN1C2=C(C(=O)N(C1=O)C)NC=N2,CN1C2=C(N(C1=O)CCCC)NCSC=CC=NN=N2,1.0,1.0,1.0,3.536746638792032
90,CN1C2=C(C(=O)N(C1=O)C)NC=N2,CN1C2=C(N(C1=O)CCCC)NCSC=CC=NN=N2,1.0,1.0,1.0,3.536746638792032
86,CN1C2=C(C(=O)N(C1=O)C)NC=N2,CN1C2=C(N(C1=O)CCCC)NCSC=CC=NN=N2,1.0,1.0,1.0,3.536746638792032
84,CN1C2=C(C(=O)N(C1=O)C)NC=N2,CN1C2=C(N(C1=O)CCCC)NCSC=CC=NN=N2,1.0,1.0,1.0,3.536746638792032
83,CN1C2=C(C(=O)N(C1=O)C)NC=N2,CN1C2=C(N(C1=O)CCCC)NCSC=CN=NC=N2,1.0,1.0,1.0,3.536746638792032
82,CN1C2=C(C(=O)N(C1=O)C)NC=N2,CN1C2=C(N(C1=O)CCCC)NCSC=CC=NN=N2,1.0,1.0,1.0,3.536746638792032
81,CN1C2=C(C(=O)N(C1=O)C)NC=N2,CN1C2=C(N(C1=O)CCCC)NCSC=CC=NN=N2,1.0,1.0,1.0,3.536746638792032
80,CN1C2=C(C(=O)N(C1=O)C)NC=N2,CN1C2=C(N(C1=O)CCCC)NCSC=CC=NN=N2,1.0,1.0,1.0,3.536746638792032
49,CN1C2=C(C(=O)N(C1=O)C)NC=N2,CN1C2=C(N(C1=O)CCCC)NCSC=CC=NN=N2,1.0,1.0,1.0,3.536746638792032
46,CN1C2=C(C(=O)N(C1=O)C)NC=N2,CN1C2=C(N(C1=O)CCCC)NCSC=CC=NN=N2,1.0,1.0,1.0,3.536746638792032
104,CN1C2=C(C(=O)N(C1=O)C)NC=N2,CN1C2=C(N(C1=O)CCCC)NCSC=CC=NN=N2,1.0,1.0,1.0,3.536746638792032
45,CN1C2=C(C(=O)N(C1=O)C)NC=N2,CN1C2=C(N(C1=O)CCCC)NCSC=CC=NN=N2,1.0,1.0,1.0,3.536746638792032
20,CN1C2=C(C(=O)N(C1=O)C)NC=N2,CN1C2=C(N(C1=O)CCCC)NCSC=CC=NN=N2,1.0,1.0,1.0,3.536746638792032
19,CN1C2=C(C(=O)N(C1=O)C)NC=N2,CN1C2=C(N(C1=O)CCCC)NCSC=CC=NN=N2,1.0,1.0,1.0,3.536746638792032
18,CN1C2=C(C(=O)N(C1=O)C)NC=N2,CN1C2=C(N(C1=O)CCCC)NCSC=CN=NC=N2,1.0,1.0,1.0,3.536746638792032
17,CN1C2=C(C(=O)N(C1=O)C)NC=N2,CN1C2=C(N(C1=O)CCCC)NCSC=CC=NN=N2,1.0,1.0,1.0,3.536746638792032
16,CN1C2=C(C(=O)N(C1=O)C)NC=N2,CN1C2=C(N(C1=O)CCCC)NCSC=CC=NN=N2,1.0,1.0,1.0,3.536746638792032
15,CN1C2=C(C(=O)N(C1=O)C)NC=N2,CN1C2=C(N(C1=O)CCCC)NCSC=CC=NN=N2,1.0,1.0,1.0,3.536746638792032
14,CN1C2=C(C(=O)N(C1=O)C)NC=N2,CN1C2=C(N(C1=O)CCCC)NCSC=CC=NN=N2,1.0,1.0,1.0,3.536746638792032
13,CN1C2=C(C(=O)N(C1=O)C)NC=N2,CN1C2=C(N(C1=O)CCCC)NCSC=CC=NN=N2,1.0,1.0,1.0,3.536746638792032
12,CN1C2=C(C(=O)N(C1=O)C)NC=N2,CN1C2=C(N(C1=O)CCCC)NCSC=CC=NN=N2,1.0,1.0,1.0,3.536746638792032
11,CN1C2=C(C(=O)N(C1=O)C)NC=N2,CN1C2=C(N(C1=O)CCCC)NCSC=CC=NN=N2,1.0,1.0,1.0,3.536746638792032
10,CN1C2=C(C(=O)N(C1=O)C)NC=N2,CN1C2=C(N(C1=O)CCCC)NCSC=CC=NN=N2,1.0,1.0,1.0,3.536746638792032
9,CN1C2=C(C(=O)N(C1=O)C)NC=N2,CN1C2=C(N(C1=O)CCCC)NCSC=CC=NN=N2,1.0,1.0,1.0,3.536746638792032
8,CN1C2=C(C(=O)N(C1=O)C)NC=N2,CN1C2=C(N(C1=O)CCCC)NCSC=CN=NC=N2,1.0,1.0,1.0,3.536746638792032
7,CN1C2=C(C(=O)N(C1=O)C)NC=N2,CN1C2=C(N(C1=O)CCCC)NCSC=CN=NC=N2,1.0,1.0,1.0,3.536746638792032
6,CN1C2=C(C(=O)N(C1=O)C)NC=N2,CN1C2=C(N(C1=O)CCCC)NCSC=CC=NN=N2,1.0,1.0,1.0,3.536746638792032
5,CN1C2=C(C(=O)N(C1=O)C)NC=N2,CN1C2=C(N(C1=O)CCCC)NCSC=CC=NN=N2,1.0,1.0,1.0,3.536746638792032
4,CN1C2=C(C(=O)N(C1=O)C)NC=N2,CN1C2=C(N(C1=O)CCCC)NCSC=CC=NN=N2,1.0,1.0,1.0,3.536746638792032
3,CN1C2=C(C(=O)N(C1=O)C)NC=N2,CN1C2=C(N(C1=O)CCCC)NCSC=CC=NN=N2,1.0,1.0,1.0,3.536746638792032
2,CN1C2=C(C(=O)N(C1=O)C)NC=N2,CN1C2=C(N(C1=O)CCCC)NCSC=CC=NN=N2,1.0,1.0,1.0,3.536746638792032
21,CN1C2=C(C(=O)N(C1=O)C)NC=N2,CN1C2=C(N(C1=O)CCCC)NCSC=CC=NN=N2,1.0,1.0,1.0,3.536746638792032
22,CN1C2=C(C(=O)N(C1=O)C)NC=N2,CN1C2=C(N(C1=O)CCCC)NCSC=CC=NN=N2,1.0,1.0,1.0,3.536746638792032
23,CN1C2=C(C(=O)N(C1=O)C)NC=N2,CN1C2=C(N(C1=O)CCCC)NCSC=CC=NN=N2,1.0,1.0,1.0,3.536746638792032
34,CN1C2=C(C(=O)N(C1=O)C)NC=N2,CN1C2=C(N(C1=O)CCCC)NCSC=CC=NN=N2,1.0,1.0,1.0,3.536746638792032
44,CN1C2=C(C(=O)N(C1=O)C)NC=N2,CN1C2=C(N(C1=O)CCCC)NCSC=CC=NN=N2,1.0,1.0,1.0,3.536746638792032
43,CN1C2=C(C(=O)N(C1=O)C)NC=N2,CN1C2=C(N(C1=O)CCCC)NCSC=CC=NN=N2,1.0,1.0,1.0,3.536746638792032
42,CN1C2=C(C(=O)N(C1=O)C)NC=N2,CN1C2=C(N(C1=O)CCCC)NCSC=CC=NN=N2,1.0,1.0,1.0,3.536746638792032
39,CN1C2=C(C(=O)N(C1=O)C)NC=N2,CN1C2=C(N(C1=O)CCCC)NCSC=CC=NN=N2,1.0,1.0,1.0,3.536746638792032
38,CN1C2=C(C(=O)N(C1=O)C)NC=N2,CN1C2=C(N(C1=O)CCCC)NCSC=CC=NN=N2,1.0,1.0,1.0,3.536746638792032
37,CN1C2=C(C(=O)N(C1=O)C)NC=N2,CN1C2=C(N(C1=O)CCCC)NCSC=CC=NN=N2,1.0,1.0,1.0,3.536746638792032
36,CN1C2=C(C(=O)N(C1=O)C)NC=N2,CN1C2=C(N(C1=O)CCCC)NCSC=CC=NN=N2,1.0,1.0,1.0,3.536746638792032
35,CN1C2=C(C(=O)N(C1=O)C)NC=N2,CN1C2=C(N(C1=O)CCCC)NCSC=CC=NN=N2,1.0,1.0,1.0,3.536746638792032
33,CN1C2=C(C(=O)N(C1=O)C)NC=N2,CN1C2=C(N(C1=O)CCCC)NCSC=CC=NN=N2,1.0,1.0,1.0,3.536746638792032
24,CN1C2=C(C(=O)N(C1=O)C)NC=N2,CN1C2=C(N(C1=O)CCCC)NCSC=CC=NN=N2,1.0,1.0,1.0,3.536746638792032
32,CN1C2=C(C(=O)N(C1=O)C)NC=N2,CN1C2=C(N(C1=O)CCCC)NCSC=CC=NN=N2,1.0,1.0,1.0,3.536746638792032
31,CN1C2=C(C(=O)N(C1=O)C)NC=N2,CN1C2=C(N(C1=O)CCCC)NCSC=CC=NN=N2,1.0,1.0,1.0,3.536746638792032
30,CN1C2=C(C(=O)N(C1=O)C)NC=N2,CN1C2=C(N(C1=O)CCCC)NCSC=CC=NN=N2,1.0,1.0,1.0,3.536746638792032
29,CN1C2=C(C(=O)N(C1=O)C)NC=N2,CN1C2=C(N(C1=O)CCCC)NCSC=CC=NN=N2,1.0,1.0,1.0,3.536746638792032
28,CN1C2=C(C(=O)N(C1=O)C)NC=N2,CN1C2=C(N(C1=O)CCCC)NCSC=CC=NN=N2,1.0,1.0,1.0,3.536746638792032
27,CN1C2=C(C(=O)N(C1=O)C)NC=N2,CN1C2=C(N(C1=O)CCCC)NCSC=CC=NN=N2,1.0,1.0,1.0,3.536746638792032
26,CN1C2=C(C(=O)N(C1=O)C)NC=N2,CN1C2=C(N(C1=O)CCCC)NCSC=CC=NN=N2,1.0,1.0,1.0,3.536746638792032
25,CN1C2=C(C(=O)N(C1=O)C)NC=N2,CN1C2=C(N(C1=O)CCCC)NCSC=CC=NN=N2,1.0,1.0,1.0,3.536746638792032
103,CN1C2=C(C(=O)N(C1=O)C)NC=N2,CN1C2=C(N(C1=O)CCCC)NCSC=CC=NN=N2,1.0,1.0,1.0,3.536746638792032
93,CN1C2=C(C(=O)N(C1=O)C)NC=N2,CN1C2=C(N(C1=O)CCCC)NCSC=CC=NN=N2,1.0,1.0,1.0,3.536746638792032
140,CN1C2=C(C(=O)N(C1=O)C)NC=N2,CN1C2=C(N(C1=O)CCCC)NCSC=CN=NC=N2,1.0,1.0,1.0,3.536746638792032
158,CN1C2=C(C(=O)N(C1=O)C)NC=N2,CN1C2=C(N(C1=O)CCCC)NCSC=CC=NN=N2,1.0,1.0,1.0,3.536746638792032
156,CN1C2=C(C(=O)N(C1=O)C)NC=N2,CN1C2=C(N(C1=O)CCCC)NCSC=CC=NN=N2,1.0,1.0,1.0,3.536746638792032
120,CN1C2=C(C(=O)N(C1=O)C)NC=N2,CN1C2=C(N(C1=O)CCCC)NCSC=CC=NN=N2,1.0,1.0,1.0,3.536746638792032
121,CN1C2=C(C(=O)N(C1=O)C)NC=N2,CN1C2=C(N(C1=O)CCCC)NCSC=CN=NC=N2,1.0,1.0,1.0,3.536746638792032
122,CN1C2=C(C(=O)N(C1=O)C)NC=N2,CN1C2=C(N(C1=O)CCCC)NCSC=CC=NN=N2,1.0,1.0,1.0,3.536746638792032
123,CN1C2=C(C(=O)N(C1=O)C)NC=N2,CN1C2=C(N(C1=O)CCCC)NCSC=CC=NN=N2,1.0,1.0,1.0,3.536746638792032
124,CN1C2=C(C(=O)N(C1=O)C)NC=N2,CN1C2=C(N(C1=O)CCCC)NCSC=CC=NN=N2,1.0,1.0,1.0,3.536746638792032
155,CN1C2=C(C(=O)N(C1=O)C)NC=N2,CN1C2=C(N(C1=O)CCCC)NCSC=CC=NN=N2,1.0,1.0,1.0,3.536746638792032
125,CN1C2=C(C(=O)N(C1=O)C)NC=N2,CN1C2=C(N(C1=O)CCCC)NCSC=CC=NN=N2,1.0,1.0,1.0,3.536746638792032
154,CN1C2=C(C(=O)N(C1=O)C)NC=N2,CN1C2=C(N(C1=O)CCCC)NCSC=CC=NN=N2,1.0,1.0,1.0,3.536746638792032
153,CN1C2=C(C(=O)N(C1=O)C)NC=N2,CN1C2=C(N(C1=O)CCCC)NCSC=CC=NN=N2,1.0,1.0,1.0,3.536746638792032
152,CN1C2=C(C(=O)N(C1=O)C)NC=N2,CN1C2=C(N(C1=O)CCCC)NCSC=CC=NN=N2,1.0,1.0,1.0,3.536746638792032
126,CN1C2=C(C(=O)N(C1=O)C)NC=N2,CN1C2=C(N(C1=O)CCCC)NCSC=CN=NC=N2,1.0,1.0,1.0,3.536746638792032
127,CN1C2=C(C(=O)N(C1=O)C)NC=N2,CN1C2=C(N(C1=O)CCCC)NCSC=CC=NN=N2,1.0,1.0,1.0,3.536746638792032
151,CN1C2=C(C(=O)N(C1=O)C)NC=N2,CN1C2=C(N(C1=O)CCCC)NCSC=CC=NN=N2,1.0,1.0,1.0,3.536746638792032
129,CN1C2=C(C(=O)N(C1=O)C)NC=N2,CN1C2=C(N(C1=O)CCCC)NCSC=CC=NN=N2,1.0,1.0,1.0,3.536746638792032
149,CN1C2=C(C(=O)N(C1=O)C)NC=N2,CN1C2=C(N(C1=O)CCCC)NCSC=CC=NN=N2,1.0,1.0,1.0,3.536746638792032
148,CN1C2=C(C(=O)N(C1=O)C)NC=N2,CN1C2=C(N(C1=O)CCCC)NCSC=CC=NN=N2,1.0,1.0,1.0,3.536746638792032
147,CN1C2=C(C(=O)N(C1=O)C)NC=N2,CN1C2=C(N(C1=O)CCCC)NCSC=CC=NN=N2,1.0,1.0,1.0,3.536746638792032
130,CN1C2=C(C(=O)N(C1=O)C)NC=N2,CN1C2=C(N(C1=O)CCCC)NCSC=CC=NN=N2,1.0,1.0,1.0,3.536746638792032
146,CN1C2=C(C(=O)N(C1=O)C)NC=N2,CN1C2=C(N(C1=O)CCCC)NCSC=CC=NN=N2,1.0,1.0,1.0,3.536746638792032
132,CN1C2=C(C(=O)N(C1=O)C)NC=N2,CN1C2=C(N(C1=O)CCCC)NCSC=CC=NN=N2,1.0,1.0,1.0,3.536746638792032
144,CN1C2=C(C(=O)N(C1=O)C)NC=N2,CN1C2=C(N(C1=O)CCCC)NCSC=CC=NN=N2,1.0,1.0,1.0,3.536746638792032
133,CN1C2=C(C(=O)N(C1=O)C)NC=N2,CN1C2=C(N(C1=O)CCCC)NCSC=CC=NN=N2,1.0,1.0,1.0,3.536746638792032
134,CN1C2=C(C(=O)N(C1=O)C)NC=N2,CN1C2=C(N(C1=O)CCCC)NCSC=CC=NN=N2,1.0,1.0,1.0,3.536746638792032
135,CN1C2=C(C(=O)N(C1=O)C)NC=N2,CN1C2=C(N(C1=O)CCCC)NCSC=CN=NC=N2,1.0,1.0,1.0,3.536746638792032
142,CN1C2=C(C(=O)N(C1=O)C)NC=N2,CN1C2=C(N(C1=O)CCCC)NCSC=CC=NN=N2,1.0,1.0,1.0,3.536746638792032
105,CN1C2=C(C(=O)N(C1=O)C)NC=N2,CN1C2=C(N(C1=O)CCCC)NCSC=CC=NN=N2,1.0,1.0,1.0,3.536746638792032
138,CN1C2=C(C(=O)N(C1=O)C)NC=N2,CN1C2=C(N(C1=O)CCCC)NCSC=CC=NN=N2,1.0,1.0,1.0,3.536746638792032
118,CN1C2=C(C(=O)N(C1=O)C)NC=N2,CN1C2=C(N(C1=O)CCCC)NCSC=CC=NN=N2,1.0,1.0,1.0,3.536746638792032
160,CN1C2=C(C(=O)N(C1=O)C)NC=N2,CN1C2=C(N(C1=O)CCCC)NCSC=CC=NN=N2,1.0,1.0,1.0,3.536746638792032
117,CN1C2=C(C(=O)N(C1=O)C)NC=N2,CN1C2=C(N(C1=O)CCCC)NCSC=CC=NN=N2,1.0,1.0,1.0,3.536746638792032
178,CN1C2=C(C(=O)N(C1=O)C)NC=N2,CN1C2=C(N(C1=O)CCCC)NCSC=CC=NN=N2,1.0,1.0,1.0,3.536746638792032
177,CN1C2=C(C(=O)N(C1=O)C)NC=N2,CN1C2=C(N(C1=O)CCCC)NCSC=CC=NN=N2,1.0,1.0,1.0,3.536746638792032
107,CN1C2=C(C(=O)N(C1=O)C)NC=N2,CN1C2=C(N(C1=O)CCCC)NCSC=CC=NN=N2,1.0,1.0,1.0,3.536746638792032
176,CN1C2=C(C(=O)N(C1=O)C)NC=N2,CN1C2=C(N(C1=O)CCCC)NCSC=CC=NN=N2,1.0,1.0,1.0,3.536746638792032
175,CN1C2=C(C(=O)N(C1=O)C)NC=N2,CN1C2=C(N(C1=O)CCCC)NCSC=CC=NN=N2,1.0,1.0,1.0,3.536746638792032
173,CN1C2=C(C(=O)N(C1=O)C)NC=N2,CN1C2=C(N(C1=O)CCCC)NCSC=CC=NN=N2,1.0,1.0,1.0,3.536746638792032
172,CN1C2=C(C(=O)N(C1=O)C)NC=N2,CN1C2=C(N(C1=O)CCCC)NCSC=CC=NN=N2,1.0,1.0,1.0,3.536746638792032
110,CN1C2=C(C(=O)N(C1=O)C)NC=N2,CN1C2=C(N(C1=O)CCCC)NCSC=CC=NN=N2,1.0,1.0,1.0,3.536746638792032
111,CN1C2=C(C(=O)N(C1=O)C)NC=N2,CN1C2=C(N(C1=O)CCCC)NCSC=CC=NN=N2,1.0,1.0,1.0,3.536746638792032
112,CN1C2=C(C(=O)N(C1=O)C)NC=N2,CN1C2=C(N(C1=O)CCCC)NCSC=CC=NN=N2,1.0,1.0,1.0,3.536746638792032
171,CN1C2=C(C(=O)N(C1=O)C)NC=N2,CN1C2=C(N(C1=O)CCCC)NCSC=CC=NN=N2,1.0,1.0,1.0,3.536746638792032
113,CN1C2=C(C(=O)N(C1=O)C)NC=N2,CN1C2=C(N(C1=O)CCCC)NCSC=CC=NN=N2,1.0,1.0,1.0,3.536746638792032
170,CN1C2=C(C(=O)N(C1=O)C)NC=N2,CN1C2=C(N(C1=O)CCCC)NCSC=CC=NN=N2,1.0,1.0,1.0,3.536746638792032
169,CN1C2=C(C(=O)N(C1=O)C)NC=N2,CN1C2=C(N(C1=O)CCCC)NCSC=CC=NN=N2,1.0,1.0,1.0,3.536746638792032
114,CN1C2=C(C(=O)N(C1=O)C)NC=N2,CN1C2=C(N(C1=O)CCCC)NCSC=CC=NN=N2,1.0,1.0,1.0,3.536746638792032
168,CN1C2=C(C(=O)N(C1=O)C)NC=N2,CN1C2=C(N(C1=O)CCCC)NCSC=CN=NC=N2,1.0,1.0,1.0,3.536746638792032
167,CN1C2=C(C(=O)N(C1=O)C)NC=N2,CN1C2=C(N(C1=O)CCCC)NCSC=CC=NN=N2,1.0,1.0,1.0,3.536746638792032
166,CN1C2=C(C(=O)N(C1=O)C)NC=N2,CN1C2=C(N(C1=O)CCCC)NCSC=CC=NN=N2,1.0,1.0,1.0,3.536746638792032
115,CN1C2=C(C(=O)N(C1=O)C)NC=N2,CN1C2=C(N(C1=O)CCCC)NCSC=CC=NN=N2,1.0,1.0,1.0,3.536746638792032
116,CN1C2=C(C(=O)N(C1=O)C)NC=N2,CN1C2=C(N(C1=O)CCCC)NCSC=CC=NN=N2,1.0,1.0,1.0,3.536746638792032
165,CN1C2=C(C(=O)N(C1=O)C)NC=N2,CN1C2=C(N(C1=O)CCCC)NCSC=CC=NN=N2,1.0,1.0,1.0,3.536746638792032
164,CN1C2=C(C(=O)N(C1=O)C)NC=N2,CN1C2=C(N(C1=O)CCCC)NCSC=CC=NN=N2,1.0,1.0,1.0,3.536746638792032
163,CN1C2=C(C(=O)N(C1=O)C)NC=N2,CN1C2=C(N(C1=O)CCCC)NCSC=CC=NN=N2,1.0,1.0,1.0,3.536746638792032
162,CN1C2=C(C(=O)N(C1=O)C)NC=N2,CN1C2=C(N(C1=O)CCCC)NCSC=CC=NN=N2,1.0,1.0,1.0,3.536746638792032
137,CN1C2=C(C(=O)N(C1=O)C)NC=N2,CN1C2=C(N(C1=O)CCCC)NCSC=CC=NN=N2,1.0,1.0,1.0,3.536746638792032
288,CN1C2=C(C(=O)N(C1=O)C)NC=N2,CN1C2=C(N(C1=O)CCCC)NCSCCC=NN=N2,1.0,1.0,1.0,3.5366982081860856
139,CN1C2=C(C(=O)N(C1=O)C)NC=N2,CN1C2=C(N(C1=O)CCCC)NCSC=CC=C=NN=N2,1.0,1.0,1.0,3.536678005640955
252,CN1C2=C(C(=O)N(C1=O)C)NC=N2,CN1C2=C(N(C1=O)CCCC)NCSCC=CC=NN=N2,1.0,1.0,1.0,3.5365428295398873
281,CN1C2=C(C(=O)N(C1=O)C)NC=N2,CN1C2=C(N(C1=O)CCCC)NCSC=CC=CC=NN=N2,1.0,1.0,1.0,3.534769016789535
271,CN1C2=C(C(=O)N(C1=O)C)NC=N2,CN1C2=C(N(C1=O)CCCC)NCSC=CCCC=NN=N2,1.0,1.0,1.0,3.5337467121106476
159,CN1C2=C(C(=O)N(C1=O)C)NC=N2,CN1C2=C(N(C1=O)CCCC)NCSC=CC=N2,1.0,1.0,1.0,3.5328507704583165
59,CN1C2=C(C(=O)N(C1=O)C)NC=N2,CN1C2=C(N(C1=O)CCCC)NCSCSC=CC=NN=N2,1.0,1.0,1.0,3.5297004986482348
41,CN1C2=C(C(=O)N(C1=O)C)NC=N2,CN1C2=C(N(C1=O)CCC)NCSC=CC=NN=N2,1.0,1.0,1.0,3.5290090346556773
119,CN1C2=C(C(=O)N(C1=O)C)NC=N2,CN1C2=C(N(C1=O)CCC)NCSC=CC=NN=N2,1.0,1.0,1.0,3.5290090346556773
89,CN1C2=C(C(=O)N(C1=O)C)NC=N2,CN1C2=C(N(C1=O)CCCC)NCSC=CC=NN=CC=NN=N2,1.0,1.0,1.0,3.5273262373983134
213,CN1C2=C(C(=O)N(C1=O)C)NC=N2,CN1C2=C(N(C1=O)CCCC)NCSC=CC=NN=CC=NN=N2,1.0,1.0,1.0,3.5273262373983134
75,CN1C2=C(C(=O)N(C1=O)C)NC=N2,CN1C2=C(N(C1=O)CCCC)NCSC=CC=NN=CN=NC=N2,1.0,1.0,1.0,3.5273262373983134
106,CN1C2=C(C(=O)N(C1=O)C)NC=N2,CN1C2=C(N(C1=O)CCCC)NCSC=CCNN=N2,1.0,1.0,1.0,3.526317463464169
128,CN1C2=C(C(=O)N(C1=O)C)NC=N2,CN1C2=C(N(C1=O)CCCC)NCSC=CC=NN=NC=NN=N2,1.0,1.0,1.0,3.5259727666308467
85,CN1C2=C(C(=O)N(C1=O)C)NC=N2,N1C2=C(N(C1=O)CCCC)NCSC=CC=NN=N2,1.0,1.0,1.0,3.5257902833795263
376,CN1C2=C(C(=O)N(C1=O)C)NC=N2,CN1C2=C(N(C1=O)CCCC)NNCSC=CC=NN=N2,1.0,1.0,1.0,3.5254259654335933
399,CN1C2=C(C(=O)N(C1=O)C)NC=N2,CN1C2=C(N(C1=O)CCCC)NCSC=CNN=N2,1.0,1.0,1.0,3.525257930529995
239,CN1C2=C(C(=O)N(C1=O)C)NC=N2,CN1C2=C(N(C1=O)CCCC)NCSC=CC=NN=C=CC=NN=N2,1.0,1.0,1.0,3.523139982639126
224,CN1C2=C(C(=O)N(C1=O)C)NC=N2,CN1C2=C(N(C1=O)CCCC)NCSC=N2,1.0,1.0,1.0,3.52288797903
221,CN1C2=C(C(=O)N(C1=O)C)NC=N2,CN1C2=C(N(C1=O)CCCC)NCSC=CC=NN=N2,1.0,1.0,0.9855469464830664,3.5222935852750985
186,CN1C2=C(C(=O)N(C1=O)C)NC=N2,CN1C2=C(N(C1=O)CCCC)NCSC=NCSC=CC=NN=N2,1.0,1.0,1.0,3.5198117376301763
397,CN1C2=C(C(=O)N(C1=O)C)NC=N2,CN1C2=C(N(C1=O)CCCC)NCSC=CN2,1.0,1.0,1.0,3.519259385445615
314,CN1C2=C(C(=O)N(C1=O)C)NC=N2,CN1C2=C(N(C1=O)CCCCC)NCSC=CC=NN=N2,1.0,1.0,1.0,3.5173299519357286
375,CN1C2=C(C(=O)N(C1=O)C)NC=N2,CN1C2=C(N(C1=O)CCCC)NCSC=CC=NN=NC=CC=NN=N2,1.0,1.0,1.0,3.514344527707419
374,CN1C2=C(C(=O)N(C1=O)C)NC=N2,CN1C2=C(N(C1=O)CCCC)NCSC=CC=NNC=CC=NN=N2,1.0,1.0,1.0,3.5130540634530116
291,CN1C2=C(C(=O)N(C1=O)C)NC=N2,CN1C2=C(N(C1=O)CCCC)NC=NN=N2,1.0,1.0,1.0,3.512993820499789
40,CN1C2=C(C(=O)N(C1=O)C)NC=N2,CN1C2=C(N(C1=O)CCCC)SC=CC=NN=N2,1.0,1.0,1.0,3.511996226804787
50,CN1C2=C(C(=O)N(C1=O)C)NC=N2,CN1C2=C(N(C1=O)CC)NCSC=CC=NN=N2,1.0,1.0,1.0,3.511847202008806
265,CN1C2=C(C(=O)N(C1=O)C)NC=N2,CN1C2=C(N(C1=O)CCCC)NCSCNCSC=CN=NC=N2,1.0,1.0,1.0,3.5102961568581224
161,CN1C2=C(C(=O)N(C1=O)C)NC=N2,CN1C2=C(NN(C1=O)CCCC)NCSC=CC=NN=N2,1.0,1.0,1.0,3.5073012802266077
150,CN1C2=C(C(=O)N(C1=O)C)NC=N2,CN1C2=C(N(CC1=O)CCCC)NCSC=CC=NN=N2,1.0,0.9871337726605713,1.0,3.5032784028385997
53,CN1C2=C(C(=O)N(C1=O)C)NC=N2,CN1C2=C(N(C1=O)CCCC)NCNN=N2,1.0,1.0,1.0,3.5017522763557696
197,CN1C2=C(C(=O)N(C1=O)C)NC=N2,CN1C2=C(N(C1=O)CCCC)NCS=NN=N2,1.0,1.0,1.0,3.4997872986497747
348,CN1C2=C(C(=O)N(C1=O)C)NC=N2,CN1C2=C(N(C1=O)CCCC)NNN=N2,1.0,1.0,1.0,3.4952132727336904
47,CN1C2=C(C(=O)N(C1=O)C)NC=N2,CN1C2OC(N(C1=O)CCCC)NCSC=CC=NN=N2,1.0,0.978610617506771,1.0,3.494317848173314
342,CN1C2=C(C(=O)N(C1=O)C)NC=N2,CN1C2=C(N(C1=O)CCCC)NCSC=CC=NNN2,1.0,1.0,1.0,3.4938992842272047
108,CN1C2=C(C(=O)N(C1=O)C)NC=N2,CN1C2=C(N(C1=O)CCCC)NN=N2,1.0,1.0,1.0,3.4914537554034286
190,CN1C2=C(C(=O)N(C1=O)C)NC=N2,CN1C2=C(N(C1=O)CCCC)NC2,1.0,1.0,1.0,3.488916722678499
182,CN1C2=C(C(=O)N(C1=O)C)NC=N2,CN1C2=C(N(C1=O)CCCC)NCSC=CN=NNCSC=CC=NN=N2,1.0,1.0,1.0,3.4881867349334086
174,CN1C2=C(C(=O)N(C1=O)C)NC=N2,CN1C2=C(N(C1=O)CCCC)NCSC=CN=NC=NCSC=CC=NN=N2,1.0,1.0,1.0,3.48581658701651
189,CN1C2=C(C(=O)N(C1=O)C)NC=N2,CN1C2=C(N(C1=O)CCCC)NCSC=CC=NNSC=CC=NN=N2,1.0,1.0,1.0,3.482055806617183
136,CN1C2=C(C(=O)N(C1=O)C)NC=N2,CNCC2=C(N(C1=O)CCC1)NCSC=CC=NN=N2,1.0,1.0,0.9766385116759003,3.4802600455061956
386,CN1C2=C(C(=O)N(C1=O)C)NC=N2,CN1C2=C(N(C1=O)CCCC)NCSC=CC=NN=NSC=CN=NC=N2,1.0,1.0,1.0,3.477752777149684
287,CN1C2=C(C(=O)N(C1=O)C)NC=N2,CN1C2=C(N(C1=O)CCCC)NCSC=CC=NNNCSC=CC=NN=N2,1.0,1.0,1.0,3.4577298894712603
380,CN1C2=C(C(=O)N(C1=O)C)NC=N2,CN1C2=C(N(C1=O)CCCC)NCS=CC=NN=N2,1.0,1.0,1.0,3.4542496177295217
131,CN1C2=C(C(=O)N(C1=O)C)NC=N2,CN1C2=C(N(C1=O)CC#CC)NCSC=CC=NN=N2,0.9355602246623003,1.0,1.0,3.4340622010922632
205,CN1C2=C(C(=O)N(C1=O)C)NC=N2,CN1C2=C(N(C1=O)CCCC)NCSC=CC=NN=N2,1.0,1.0,0.8894265816000825,3.4261732203921142
145,CN1C2=C(C(=O)N(C1=O)C)NC=N2,CN1C2=C(N(C1=O)CCC)NCSC=CN=NCNCSC=CC=NN=N2,1.0,0.9240995242075118,1.0,3.408814172370108
259,CN1C2=C(C(=O)N(C1=O)C)NC=N2,CN1C2=C(N(C1=O)CCCC)NCSC=CC=NN=N2,0.8906768354494011,0.9726912327361515,1.0,3.4001147069775848
192,CN1C2=C(C(=O)N(C1=O)C)NC=N2,CN1C2=C(N(C1=O)CCCC)NCSC=CC=NN=N2,1.0,0.8979033611681736,0.9612145424562866,3.395864542416492
286,CN1C2=C(C(=O)N(C1=O)C)NC=N2,CN1C2=C(N(C1=O)CCCC)NCSC=CC=NN=N2,1.0,0.8515524061279953,1.0,3.388299044920027
274,CN1C2=C(C(=O)N(C1=O)C)NC=N2,CN1C2=C(N(C1=O)CCCC)NCSC=CC=NN=N2,1.0,0.9566953139725436,0.8796027405717803,3.373044693336356
201,CN1C2=C(C(=O)N(C1=O)C)NC=N2,CN1C2=C(N(C1=O)CCCC)NCSC=CC=NN=N2,1.0,0.8840430333092825,0.9422869803744768,3.3630766524757916
88,CN1C2=C(C(=O)N(C1=O)C)NC=N2,CN1C2=C(N(C1=O)CCCC)NCS=N2,0.8728422963743044,1.0,1.0,3.361150181408307
372,CN1C2=C(C(=O)N(C1=O)C)NC=N2,CN1C2=C(N(C1=O)CCCC)NCSC=CC=NN=N2,1.0,1.0,0.815403158074494,3.352149796866526
157,CN1C2=C(C(=O)N(C1=O)C)NC=N2,CN1C2=C(NN(C1=O)CCCC)NCSC=CC=NN=N2,1.0,0.8447681787117094,1.0,3.3520694589383173
310,CN1C2=C(C(=O)N(C1=O)C)NC=N2,CN1C2=C(N(C1=O)CCCC)NCSC=CC=NN=N2,1.0,0.9136029464629114,0.8999257151681543,3.3502753004230974
109,CN1C2=C(C(=O)N(C1=O)C)NC=N2,CN1C2=C(N(C1=O)CCCC)NCSC=C=NN=N2,1.0,0.8146215954896221,1.0,3.349574291272712
349,CN1C2=C(C(=O)N(C1=O)C)NC=N2,CN1C2=C(N(C1=O)CCCCC)NCSC=CC=NN=N2,0.8113375399387018,1.0,1.0,3.3286674918744303
284,CN1C2=C(C(=O)N(C1=O)C)NC=N2,CN1C2=C(N(C1=O)CCCC)NCSC=CC=NN=N2,0.8006698803359673,0.9781866562479866,1.0,3.3156031753759856
277,CN1C2=C(C(=O)N(C1=O)C)NC=N2,CN1C2=C(N(C1=O)CCSC)NCSC=CC=NN=N2,0.9400748480845137,0.8370865204450109,1.0,3.3123136157852455
60,CN1C2=C(C(=O)N(C1=O)C)NC=N2,CN1C2=C(N(C1=O)CCCC)NCSC=CC=NNNN2,1.0,0.8812376261875143,0.9477960928703515,3.285700153917453
313,CN1C2=C(C(=O)N(C1=O)C)NC=N2,CN1C2=C(N(C1=O)CCCC)NSC=CC=NN=N2,0.8437040072504745,1.0,0.9229282108341071,3.2842381772121874
319,CN1C2=C(C(=O)N(C1=O)C)NC=N2,CC1C2=C(N(C1=O)CCCC)NCSC=CC=NN=N2,0.8452134624800292,1.0,0.9110892957029214,3.2746846436084485
141,CN1C2=C(C(=O)N(C1=O)C)NC=N2,CN1C2=C(N(C1=O)CCCC)NSSC=CC=NN=N2,0.8564677278276096,0.890441161760734,1.0,3.267279712685199
70,CN1C2=C(C(=O)N(C1=O)C)NC=N2,CN1C2=C(N(C1=O)CC=C)NCSC=CC=NNCN2,0.9030797946568415,1.0,0.8925064409451867,3.265527563887809
143,CN1C2=C(C(=O)N(C1=O)C)NC=N2,CN1C2=C(N(C1=O)CCCC)NCSC=CC=NN=S2,0.8579215754252671,0.9360017618141635,0.9569639831303995,3.2590210219613955
298,CN1C2=C(C(=O)N(C1=O)C)NC=N2,CN1C2=C(N(C1=S)CCCC)NCSC=CN=NC=N2,1.0,0.9082604912288957,0.8362902560469363,3.2582394952892706
87,CN1C2=C(C(=O)N(C1=O)C)NC=N2,CN1C2=C(N(C1=O)CCCC)N2,0.8259009940359852,1.0,0.9549979188820071,3.2530558408095724
69,CN1C2=C(C(=O)N(C1=O)C)NC=N2,CN1C2=C(N(C1=O)CCCC)NCSC=CC=NN=N2,0.8455822960269191,0.8291749128639723,1.0,3.211503847682923
301,CN1C2=C(C(=O)N(C1=O)C)NC=N2,CN1C2=C(N(C1=O)CCCC)NCSC=CC=NN=N2,0.8055877769833966,0.8242269945629745,1.0,3.1665614103384034
